Sequence,J-Mean,F-Mean
bike-packing_1,0.847,0.866
bike-packing_2,0.911,0.931
blackswan_1,0.958,0.981
bmx-trees_1,0.562,0.939
bmx-trees_2,0.779,0.935
breakdance_1,0.936,0.953
camel_1,0.971,0.994
car-roundabout_1,0.986,0.975
car-shadow_1,0.974,0.997
cows_1,0.970,0.993
dance-twirl_1,0.910,0.938
dog_1,0.960,0.984
dogs-jump_1,0.920,0.987
dogs-jump_2,0.943,0.990
dogs-jump_3,0.946,0.989
drift-chicane_1,0.901,0.969
drift-straight_1,0.952,0.951
goat_1,0.921,0.961
gold-fish_1,0.906,0.931
gold-fish_2,0.879,0.924
gold-fish_3,0.923,0.954
gold-fish_4,0.930,0.950
gold-fish_5,0.940,0.945
horsejump-high_1,0.881,0.971
horsejump-high_2,0.831,0.974
india_1,0.936,0.925
india_2,0.764,0.766
india_3,0.832,0.823
judo_1,0.851,0.871
judo_2,0.870,0.909
kite-surf_1,0.496,0.874
kite-surf_2,0.508,0.691
kite-surf_3,0.670,0.882
lab-coat_1,0.032,0.219
lab-coat_2,0.000,0.016
lab-coat_3,0.962,0.956
lab-coat_4,0.936,0.918
lab-coat_5,0.924,0.910
libby_1,0.911,0.994
loading_1,0.978,0.987
loading_2,0.845,0.899
loading_3,0.947,0.990
mbike-trick_1,0.845,0.903
mbike-trick_2,0.782,0.756
motocross-jump_1,0.879,0.910
motocross-jump_2,0.886,0.858
paragliding-launch_1,0.853,0.930
paragliding-launch_2,0.745,0.917
paragliding-launch_3,0.165,0.436
parkour_1,0.953,0.991
pigs_1,0.936,0.956
pigs_2,0.804,0.919
pigs_3,0.966,0.951
scooter-black_1,0.828,0.953
scooter-black_2,0.908,0.905
shooting_1,0.847,0.814
shooting_2,0.924,0.916
shooting_3,0.872,0.960
soapbox_1,0.906,0.937
soapbox_2,0.860,0.915
soapbox_3,0.882,0.957
